{"cameraMode":{"drawMode":0,"name":"Shaded","section":"Shading Mode"},"sceneLighting":false,"audioPlay":false,"sceneViewState":{"m_AlwaysRefresh":false,"showFog":true,"showSkybox":false,"showFlares":true,"showImageEffects":true,"showParticleSystems":true,"showVisualEffectGraphs":true,"m_FxEnabled":true},"in2DMode":false,"pivot":{"x":16.46451759338379,"y":4.25692892074585,"z":6.400212287902832},"rotation":{"x":0.025031408295035363,"y":-0.734044075012207,"z":0.027096809819340707,"w":0.6780932545661926},"size":0.038351595401763919,"orthographic":false}